[{"i":1,"k":"﻿창세기","e":"Genesis","y":"창"},{"i":2,"k":"출애굽기","e":"Exodus","y":"출"},{"i":3,"k":"레위기","e":"Leviticus","y":"레"},{"i":4,"k":"민수기","e":"Numbers","y":"민"},{"i":5,"k":"신명기","e":"Deuteronomy","y":"신"},{"i":6,"k":"여호수아","e":"Joshua","y":"수"},{"i":7,"k":"사사기","e":"Judges","y":"삿"},{"i":8,"k":"룻기","e":"Ruth","y":"룻"},{"i":9,"k":"사무엘상","e":"ⅠSamuel","y":"삼상"},{"i":10,"k":"사무엘하","e":"ⅡSamuel","y":"삼하"},{"i":11,"k":"열왕기상","e":"ⅠKings","y":"왕상"},{"i":12,"k":"열왕기하","e":"ⅡKings","y":"왕하"},{"i":13,"k":"역대기상","e":"ⅠChronicles","y":"대상"},{"i":14,"k":"역대기하","e":"ⅡChronicles","y":"대하"},{"i":15,"k":"에스라","e":"Ezra","y":"스"},{"i":16,"k":"느헤미야","e":"Nehemiah","y":"느"},{"i":17,"k":"에스더","e":"Esther","y":"에"},{"i":18,"k":"욥기","e":"Job","y":"욥"},{"i":19,"k":"시편","e":"Psalms","y":"시"},{"i":20,"k":"잠언","e":"Proverbs","y":"잠"},{"i":21,"k":"전도서","e":"Ecclesiastes","y":"전"},{"i":22,"k":"아가","e":"SongofSongs","y":"아"},{"i":23,"k":"이사야","e":"Isaiah","y":"사"},{"i":24,"k":"예레미야","e":"Jeremiah","y":"렘"},{"i":25,"k":"애가","e":"Lamentations","y":"애"},{"i":26,"k":"에스겔","e":"Ezekiel","y":"겔"},{"i":27,"k":"다니엘","e":"Daniel","y":"단"},{"i":28,"k":"호세아","e":"Hosea","y":"호"},{"i":29,"k":"요엘","e":"Joel","y":"욜"},{"i":30,"k":"아모스","e":"Amos","y":"암"},{"i":31,"k":"오바댜","e":"Obadiah","y":"옵"},{"i":32,"k":"요나","e":"Jonah","y":"욘"},{"i":33,"k":"미가","e":"Micah","y":"미"},{"i":34,"k":"나훔","e":"Nahum","y":"나"},{"i":35,"k":"하박국","e":"Habakkuk","y":"합"},{"i":36,"k":"스바냐","e":"Zephaniah","y":"습"},{"i":37,"k":"학개","e":"Haggai","y":"학"},{"i":38,"k":"스가랴","e":"Zechariah","y":"슥"},{"i":39,"k":"말라기","e":"Malachi","y":"말"},{"i":40,"k":"마태복음","e":"Matthew","y":"마"},{"i":41,"k":"마가복음","e":"Mark","y":"막"},{"i":42,"k":"누가복음","e":"Luke","y":"눅"},{"i":43,"k":"요한복음","e":"John","y":"요"},{"i":44,"k":"사도행전","e":"Acts","y":"행"},{"i":45,"k":"로마서","e":"Romans","y":"롬"},{"i":46,"k":"고린도전서","e":"ⅠCorinthians","y":"고전"},{"i":47,"k":"고린도후서","e":"ⅡCorinthians","y":"고후"},{"i":48,"k":"갈라디아서","e":"Galatians","y":"갈"},{"i":49,"k":"에베소서","e":"Ephesians","y":"엡"},{"i":50,"k":"빌립보서","e":"Philippians","y":"빌"},{"i":51,"k":"골로새서","e":"Colossians","y":"골"},{"i":52,"k":"데살로니가전서","e":"ⅠThessalonians","y":"살전"},{"i":53,"k":"데살로니가후서","e":"ⅡThessalonians","y":"살후"},{"i":54,"k":"디모데전서","e":"ⅠTimothy","y":"딤전"},{"i":55,"k":"디모데후서","e":"ⅡTimothy","y":"딤후"},{"i":56,"k":"디도서","e":"Titus","y":"딛"},{"i":57,"k":"빌레몬서","e":"Philemon","y":"몬"},{"i":58,"k":"히브리서","e":"Hebrews","y":"히"},{"i":59,"k":"야고보서","e":"James","y":"약"},{"i":60,"k":"베드로전서","e":"ⅠPeter","y":"벧전"},{"i":61,"k":"베드로후서","e":"ⅡPeter","y":"벧후"},{"i":62,"k":"요한1서","e":"ⅠJohn","y":"요일"},{"i":63,"k":"요한2서","e":"ⅡJohn","y":"요이"},{"i":64,"k":"요한3서","e":"ⅢJohn","y":"요삼"},{"i":65,"k":"유다서","e":"Jude","y":"유"},{"i":66,"k":"요한게시록","e":"Revelation","y":"계"}]